item_id,primary_vote_counts,text
c_00601ff20eed,"{""Joy"": 1, ""Sadness"": 1, ""Love"": 1}",The sadder tone of singing of [NAME]'s version is what giving me the goosebumps❤
c_08da7318048e,"{""Neutral"": 1, ""Sadness"": 1, ""Fear"": 1}",I am watching 11.31😢 night
c_28f82f48ae6c,"{""Joy"": 1, ""Love"": 1, ""Devotion"": 1}",ज़य हिंद छोटी दीदी
c_5b394ec7268f,"{""Joy"": 1, ""Devotion"": 1, ""Love"": 1}",जय हो ऐसी कविता सुनकर न जाने अपने आप शरीर में कहां की शक्ति आ जाती जय हो गोरा बादल
c_79b6d05a1484,"{""Nostalgia"": 1, ""Joy"": 1, ""Love"": 1}",22 sal ki hu tab bhi carton dekhti hu❤❤❤
c_9b309ecfe973,"{""Joy"": 1, ""Love"": 1, ""Neutral"": 1}",Kya shaayrihai [NAME] bilkul socchi hai
c_9e4238ee4d81,"{""Sadness"": 1, ""Nostalgia"": 1, ""Devotion"": 1}",Love  is 2017.       Love. The   and.  💔💔💔💔💔🖤
c_9fa335214748,"{""Neutral"": 1, ""Nostalgia"": 1, ""Love"": 1}",​ [USER]-vr3ts thank u for info
c_a78feeebd78a,"{""Love"": 1, ""Neutral"": 1, ""Anger"": 1}",[USER]-e9x4c ab1 unki stories main maja nhi ata no 1 yhi h
