scope,emotion,token,z,count_in_emotion
English,Love,❤,39.46,2023
English,Love,love,19.71,461
English,Love,you,8.79,356
English,Love,😍,8.16,99
English,Love,song,8.15,126
English,Love,😊,7.68,147
English,Love,😘,6.89,52
English,Love,i,6.78,431
English,Joy,😂,24.1,702
English,Joy,🎉,11.62,189
English,Joy,🤣,8.67,101
English,Joy,😊,7.97,155
English,Joy,very,5.9,117
English,Joy,👍,5.9,65
English,Joy,nice,5.88,68
English,Joy,🔥,5.32,66
English,Anger,😡,7.25,52
English,Anger,stupid,6.37,44
English,Anger,the,5.56,555
English,Anger,to,5.49,330
English,Anger,🤬,5.48,27
English,Anger,t,5.47,189
English,Anger,should,5.36,58
English,Anger,people,5.23,101
English,Sadness,😢,20.12,525
English,Sadness,😭,12.34,245
English,Sadness,💔,9.68,85
English,Sadness,sad,9.49,84
English,Sadness,😔,8.2,69
English,Sadness,poor,5.81,40
English,Sadness,i,5.56,413
English,Sadness,cry,5.39,39
English,Fear,scary,10.07,120
English,Fear,scared,8.54,77
English,Fear,i,8.16,627
English,Fear,the,7.63,662
English,Fear,terrifying,7.51,57
English,Fear,😰,6.46,45
English,Fear,😱,6.42,65
English,Fear,me,5.89,182
English,Surprise,😮,12.82,212
English,Surprise,the,10.19,724
English,Surprise,twist,8.84,107
English,Surprise,that,8.84,352
English,Surprise,was,8.54,308
English,Surprise,it,6.1,293
English,Surprise,i,5.98,461
English,Surprise,thought,5.75,54
English,Nostalgia,days,14.71,226
English,Nostalgia,old,11.64,160
English,Nostalgia,childhood,11.14,113
English,Nostalgia,miss,9.59,118
English,Nostalgia,remember,9.56,101
English,Nostalgia,i,9.43,675
English,Nostalgia,those,9.41,146
English,Nostalgia,memories,9.27,79
English,Devotion,🙏,17.75,396
English,Devotion,har,15.68,204
English,Devotion,❤,15.48,833
English,Devotion,allah,10.85,112
English,Devotion,jay,9.41,76
English,Devotion,sir,8.34,114
English,Devotion,om,8.18,56
English,Devotion,amen,7.89,55
English,Neutral,the,6.93,491
English,Neutral,is,4.89,240
English,Neutral,it,4.81,221
English,Neutral,in,4.27,204
English,Neutral,not,4.17,103
English,Neutral,a,4.05,218
English,Neutral,you,4.01,197
English,Neutral,that,3.84,170
Hindi,Love,❤,39.31,2410
Hindi,Love,dil,7.56,91
Hindi,Love,दिल,7.38,117
Hindi,Love,🥰,6.97,75
Hindi,Love,💞,6.56,41
Hindi,Love,प्यार,6.38,75
Hindi,Love,😍,6.22,58
Hindi,Love,hai,5.75,231
Hindi,Joy,😂,30.28,976
Hindi,Joy,बहुत,11.81,342
Hindi,Joy,😅,11.21,181
Hindi,Joy,😊,10.82,214
Hindi,Joy,🤣,9.78,95
Hindi,Joy,👌,9.65,162
Hindi,Joy,bahut,7.86,141
Hindi,Joy,🎉,7.69,155
Hindi,Anger,है,9.91,573
Hindi,Anger,नहीं,7.8,215
Hindi,Anger,को,7.63,252
Hindi,Anger,देश,7.49,66
Hindi,Anger,😡,7.46,60
Hindi,Anger,के,7.42,252
Hindi,Anger,चाहिए,6.28,69
Hindi,Anger,की,6.26,213
Hindi,Sadness,😢,23.43,839
Hindi,Sadness,😭,12.56,389
Hindi,Sadness,💔,10.9,131
Hindi,Sadness,है,6.29,415
Hindi,Sadness,नहीं,6.18,177
Hindi,Sadness,🥺,6.07,66
Hindi,Sadness,दर्द,5.54,37
Hindi,Sadness,😔,5.31,45
Hindi,Fear,है,8.47,129
Hindi,Fear,😮,8.04,90
Hindi,Fear,❤,7.64,18
Hindi,Fear,डर,7.15,45
Hindi,Fear,😢,5.22,41
Hindi,Fear,🙏,5.17,32
Hindi,Fear,hai,5.17,45
Hindi,Fear,से,5.15,52
Hindi,Surprise,😮,11.5,134
Hindi,Surprise,❤,9.25,4
Hindi,Surprise,है,7.73,44
Hindi,Surprise,😂,6.41,52
Hindi,Surprise,hai,5.74,35
Hindi,Surprise,🙏,5.58,10
Hindi,Surprise,😢,5.1,7
Hindi,Surprise,के,4.79,21
Hindi,Nostalgia,😭,17.56,564
Hindi,Nostalgia,बचपन,15.62,233
Hindi,Nostalgia,याद,13.9,202
Hindi,Nostalgia,दिन,11.1,155
Hindi,Nostalgia,वो,9.4,157
Hindi,Nostalgia,bachpan,8.94,77
Hindi,Nostalgia,थे,8.92,100
Hindi,Nostalgia,😢,8.91,421
Hindi,Devotion,🙏,33.27,1289
Hindi,Devotion,जय,22.19,474
Hindi,Devotion,jai,21.43,420
Hindi,Devotion,❤,17.8,1301
Hindi,Devotion,श्री,15.55,231
Hindi,Devotion,shree,15.31,211
Hindi,Devotion,🚩,14.44,202
Hindi,Devotion,राधे,14.4,194
Hindi,Neutral,hai,10.27,310
Hindi,Neutral,kon,7.6,78
Hindi,Neutral,dekh,7.39,73
Hindi,Neutral,bhai,6.68,125
Hindi,Neutral,है,6.39,286
Hindi,Neutral,me,6.07,96
Hindi,Neutral,hu,6.04,59
Hindi,Neutral,raha,5.97,55
Hinglish,Love,❤,36.7,2096
Hinglish,Love,love,14.42,247
Hinglish,Love,😍,10.0,121
Hinglish,Love,you,9.51,199
Hinglish,Love,😘,9.21,85
Hinglish,Love,😊,7.87,189
Hinglish,Love,bhai,7.19,310
Hinglish,Love,cute,6.81,45
Hinglish,Joy,😂,35.52,1506
Hinglish,Joy,🤣,17.78,296
Hinglish,Joy,😅,11.68,285
Hinglish,Joy,🎉,9.09,169
Hinglish,Joy,😊,7.04,169
Hinglish,Joy,bhai,6.62,284
Hinglish,Joy,😁,6.48,45
Hinglish,Joy,hai,5.55,391
Hinglish,Anger,😡,9.73,93
Hinglish,Anger,hai,8.87,639
Hinglish,Anger,ko,8.77,318
Hinglish,Anger,ki,6.27,291
Hinglish,Anger,desh,6.06,49
Hinglish,Anger,log,6.06,96
Hinglish,Anger,kar,5.86,131
Hinglish,Anger,nahi,5.8,175
Hinglish,Sadness,😢,26.48,1033
Hinglish,Sadness,😭,14.55,426
Hinglish,Sadness,🥺,9.06,147
Hinglish,Sadness,💔,8.3,78
Hinglish,Sadness,nhi,6.96,187
Hinglish,Sadness,😥,5.47,54
Hinglish,Sadness,😞,5.15,31
Hinglish,Sadness,😔,5.14,45
Hinglish,Fear,dar,17.48,317
Hinglish,Fear,😮,9.18,282
Hinglish,Fear,😰,8.88,79
Hinglish,Fear,lagta,8.62,130
Hinglish,Fear,😱,8.52,84
Hinglish,Fear,😨,8.09,64
Hinglish,Fear,hai,7.59,592
Hinglish,Fear,bhoot,7.48,82
Hinglish,Surprise,😮,21.22,469
Hinglish,Surprise,hai,7.79,160
Hinglish,Surprise,😂,6.57,118
Hinglish,Surprise,😳,5.7,30
Hinglish,Surprise,bhai,5.43,81
Hinglish,Surprise,me,5.4,81
Hinglish,Surprise,to,5.08,72
Hinglish,Surprise,❤,5.07,14
Hinglish,Nostalgia,din,14.73,265
Hinglish,Nostalgia,bachpan,14.37,183
Hinglish,Nostalgia,yaad,13.55,173
Hinglish,Nostalgia,😭,9.78,306
Hinglish,Nostalgia,miss,9.19,99
Hinglish,Nostalgia,😢,8.71,402
Hinglish,Nostalgia,wo,8.45,146
Hinglish,Nostalgia,the,7.78,165
Hinglish,Devotion,🙏,31.46,1081
Hinglish,Devotion,jay,21.57,408
Hinglish,Devotion,jai,20.17,375
Hinglish,Devotion,❤,18.68,1140
Hinglish,Devotion,🏻,15.37,251
Hinglish,Devotion,shree,14.7,191
Hinglish,Devotion,ji,14.0,292
Hinglish,Devotion,ram,13.23,172
Hinglish,Neutral,hai,9.07,484
Hinglish,Neutral,bhai,5.81,220
Hinglish,Neutral,kya,5.12,118
Hinglish,Neutral,ka,5.08,152
Hinglish,Neutral,se,4.98,164
Hinglish,Neutral,me,4.95,175
Hinglish,Neutral,video,4.85,121
Hinglish,Neutral,kon,4.73,59
